5,신사 릴 렉스 크루 반팔 티셔츠 화이트 기본 티 면 티셔츠 무지 티 반팔 티 홈 웨어 컬렉션 유아인 착 장 상품 베이식 
KIMMUSIC,신사 레이어 드 크루 반팔 티셔츠 일반 기장 베이직 티 무지 티 기본 티셔츠 무태 픽업 무지  신사 레이어 드 크루 반팔 티셔츠 기장 화이트 기본 티셔츠 베이직 티 무지 티 무태 픽업 
ldk,test 아디다스 락 업 트랙 탑 핑크 락 업 트랙 탑 선 트랙 탑 락 업 트랙 탑 아디다스 우먼 아 디 컬러 
ldk1,test
ldk2,test
ldk3,test 커버 낫 에센셜 쿠 코트 티셔츠 반팔 티셔츠 티셔츠 반팔 반팔 티 남자 반팔 티 에센셜 라인 쿠 코트 로고 티셔츠  신사 릴 렉스 크루 반팔 티셔츠 블랙 기본 티 면 티셔츠 무지 티 반팔 티 홈 웨어 컬렉션  트래블 액 티 비티 클럽 피 반팔 티 크림 라운드 티 반팔 반팔 티 피 반팔 티셔츠 그래픽  파 르 티 멘 토 패키지 반팔 반팔 티 처 비라 티셔츠  우먼 티셔츠  우먼 티셔츠  예스 아이 씨 반팔 티 남자 반팔 티 티셔츠 여름 반팔 티 반팔 티셔츠 반팔 티 추천 반팔 로고 레터 링  예스 아이 씨 반팔 티 남자 반팔 티 티셔츠 여름 반팔 티 반팔 티셔츠 반팔 티 추천 반팔 로고 레터 링 
ldk3,test 커버 낫 에센셜 쿠 코트 티셔츠 반팔 티셔츠 티셔츠 반팔 반팔 티 남자 반팔 티 에센셜 라인 쿠 코트 로고 티셔츠  신사 릴 렉스 크루 반팔 티셔츠 블랙 기본 티 면 티셔츠 무지 티 반팔 티 홈 웨어 컬렉션  트래블 액 티 비티 클럽 피 반팔 티 크림 라운드 티 반팔 반팔 티 피 반팔 티셔츠 그래픽  파 르 티 멘 토 패키지 반팔 반팔 티 처 비라 티셔츠  우먼 티셔츠  우먼 티셔츠  예스 아이 씨 반팔 티 남자 반팔 티 티셔츠 여름 반팔 티 반팔 티셔츠 반팔 티 추천 반팔 로고 레터 링  예스 아이 씨 반팔 티 남자 반팔 티 티셔츠 여름 반팔 티 반팔 티셔츠 반팔 티 추천 반팔 로고 레터 링 
ldk3,test 커버 낫 에센셜 쿠 코트 티셔츠 반팔 티셔츠 티셔츠 반팔 반팔 티 남자 반팔 티 에센셜 라인 쿠 코트 로고 티셔츠  신사 릴 렉스 크루 반팔 티셔츠 블랙 기본 티 면 티셔츠 무지 티 반팔 티 홈 웨어 컬렉션  트래블 액 티 비티 클럽 피 반팔 티 크림 라운드 티 반팔 반팔 티 피 반팔 티셔츠 그래픽  파 르 티 멘 토 패키지 반팔 반팔 티 처 비라 티셔츠  우먼 티셔츠  우먼 티셔츠  예스 아이 씨 반팔 티 남자 반팔 티 티셔츠 여름 반팔 티 반팔 티셔츠 반팔 티 추천 반팔 로고 레터 링  예스 아이 씨 반팔 티 남자 반팔 티 티셔츠 여름 반팔 티 반팔 티셔츠 반팔 티 추천 반팔 로고 레터 링 
ldk3,test 커버 낫 에센셜 쿠 코트 티셔츠 반팔 티셔츠 티셔츠 반팔 반팔 티 남자 반팔 티 에센셜 라인 쿠 코트 로고 티셔츠  신사 릴 렉스 크루 반팔 티셔츠 블랙 기본 티 면 티셔츠 무지 티 반팔 티 홈 웨어 컬렉션  트래블 액 티 비티 클럽 피 반팔 티 크림 라운드 티 반팔 반팔 티 피 반팔 티셔츠 그래픽  파 르 티 멘 토 패키지 반팔 반팔 티 처 비라 티셔츠  우먼 티셔츠  우먼 티셔츠  예스 아이 씨 반팔 티 남자 반팔 티 티셔츠 여름 반팔 티 반팔 티셔츠 반팔 티 추천 반팔 로고 레터 링  예스 아이 씨 반팔 티 남자 반팔 티 티셔츠 여름 반팔 티 반팔 티셔츠 반팔 티 추천 반팔 로고 레터 링 
ldk3,test 커버 낫 에센셜 쿠 코트 티셔츠 반팔 티셔츠 티셔츠 반팔 반팔 티 남자 반팔 티 에센셜 라인 쿠 코트 로고 티셔츠  신사 릴 렉스 크루 반팔 티셔츠 블랙 기본 티 면 티셔츠 무지 티 반팔 티 홈 웨어 컬렉션  트래블 액 티 비티 클럽 피 반팔 티 크림 라운드 티 반팔 반팔 티 피 반팔 티셔츠 그래픽  파 르 티 멘 토 패키지 반팔 반팔 티 처 비라 티셔츠  우먼 티셔츠  우먼 티셔츠  예스 아이 씨 반팔 티 남자 반팔 티 티셔츠 여름 반팔 티 반팔 티셔츠 반팔 티 추천 반팔 로고 레터 링  예스 아이 씨 반팔 티 남자 반팔 티 티셔츠 여름 반팔 티 반팔 티셔츠 반팔 티 추천 반팔 로고 레터 링 
ldk3,test 커버 낫 에센셜 쿠 코트 티셔츠 반팔 티셔츠 티셔츠 반팔 반팔 티 남자 반팔 티 에센셜 라인 쿠 코트 로고 티셔츠  신사 릴 렉스 크루 반팔 티셔츠 블랙 기본 티 면 티셔츠 무지 티 반팔 티 홈 웨어 컬렉션  트래블 액 티 비티 클럽 피 반팔 티 크림 라운드 티 반팔 반팔 티 피 반팔 티셔츠 그래픽  파 르 티 멘 토 패키지 반팔 반팔 티 처 비라 티셔츠  우먼 티셔츠  우먼 티셔츠  예스 아이 씨 반팔 티 남자 반팔 티 티셔츠 여름 반팔 티 반팔 티셔츠 반팔 티 추천 반팔 로고 레터 링  예스 아이 씨 반팔 티 남자 반팔 티 티셔츠 여름 반팔 티 반팔 티셔츠 반팔 티 추천 반팔 로고 레터 링 
ldk3,test 커버 낫 에센셜 쿠 코트 티셔츠 반팔 티셔츠 티셔츠 반팔 반팔 티 남자 반팔 티 에센셜 라인 쿠 코트 로고 티셔츠  신사 릴 렉스 크루 반팔 티셔츠 블랙 기본 티 면 티셔츠 무지 티 반팔 티 홈 웨어 컬렉션  트래블 액 티 비티 클럽 피 반팔 티 크림 라운드 티 반팔 반팔 티 피 반팔 티셔츠 그래픽  파 르 티 멘 토 패키지 반팔 반팔 티 처 비라 티셔츠  우먼 티셔츠  우먼 티셔츠  예스 아이 씨 반팔 티 남자 반팔 티 티셔츠 여름 반팔 티 반팔 티셔츠 반팔 티 추천 반팔 로고 레터 링  예스 아이 씨 반팔 티 남자 반팔 티 티셔츠 여름 반팔 티 반팔 티셔츠 반팔 티 추천 반팔 로고 레터 링 
5469713,test 챔피온 700 풀 오버 무지 후드 티 후드 후드 티 후드 티셔츠 기모 기모 후드 겨울  리 빅 로고 티셔츠 화이트 로고 반팔 티 빅 로고 반팔 티 남녀 공용 그래픽  신사 쿠 태 다 드 피 폴로 원피스 여름 원피스 티셔츠 원피스 칼라 원피스 미니 원피스 져지 드레스 쿠 태 다 드 폴로 셔츠 컬렉션  신사 레이어 드 크루 반팔 티셔츠 일반 기장 베이직 티 무지 티 기본 티셔츠 무태 픽업 무지 
ldk3,test 커버 낫 에센셜 쿠 코트 티셔츠 반팔 티셔츠 티셔츠 반팔 반팔 티 남자 반팔 티 에센셜 라인 쿠 코트 로고 티셔츠  신사 릴 렉스 크루 반팔 티셔츠 블랙 기본 티 면 티셔츠 무지 티 반팔 티 홈 웨어 컬렉션  트래블 액 티 비티 클럽 피 반팔 티 크림 라운드 티 반팔 반팔 티 피 반팔 티셔츠 그래픽  파 르 티 멘 토 패키지 반팔 반팔 티 처 비라 티셔츠  우먼 티셔츠  우먼 티셔츠  예스 아이 씨 반팔 티 남자 반팔 티 티셔츠 여름 반팔 티 반팔 티셔츠 반팔 티 추천 반팔 로고 레터 링  예스 아이 씨 반팔 티 남자 반팔 티 티셔츠 여름 반팔 티 반팔 티셔츠 반팔 티 추천 반팔 로고 레터 링 
ldk3,test 커버 낫 에센셜 쿠 코트 티셔츠 반팔 티셔츠 티셔츠 반팔 반팔 티 남자 반팔 티 에센셜 라인 쿠 코트 로고 티셔츠  신사 릴 렉스 크루 반팔 티셔츠 블랙 기본 티 면 티셔츠 무지 티 반팔 티 홈 웨어 컬렉션  트래블 액 티 비티 클럽 피 반팔 티 크림 라운드 티 반팔 반팔 티 피 반팔 티셔츠 그래픽  파 르 티 멘 토 패키지 반팔 반팔 티 처 비라 티셔츠  우먼 티셔츠  우먼 티셔츠  예스 아이 씨 반팔 티 남자 반팔 티 티셔츠 여름 반팔 티 반팔 티셔츠 반팔 티 추천 반팔 로고 레터 링  예스 아이 씨 반팔 티 남자 반팔 티 티셔츠 여름 반팔 티 반팔 티셔츠 반팔 티 추천 반팔 로고 레터 링 
ldk3,test 커버 낫 에센셜 쿠 코트 티셔츠 반팔 티셔츠 티셔츠 반팔 반팔 티 남자 반팔 티 에센셜 라인 쿠 코트 로고 티셔츠  신사 릴 렉스 크루 반팔 티셔츠 블랙 기본 티 면 티셔츠 무지 티 반팔 티 홈 웨어 컬렉션  트래블 액 티 비티 클럽 피 반팔 티 크림 라운드 티 반팔 반팔 티 피 반팔 티셔츠 그래픽  파 르 티 멘 토 패키지 반팔 반팔 티 처 비라 티셔츠  우먼 티셔츠  우먼 티셔츠  예스 아이 씨 반팔 티 남자 반팔 티 티셔츠 여름 반팔 티 반팔 티셔츠 반팔 티 추천 반팔 로고 레터 링  예스 아이 씨 반팔 티 남자 반팔 티 티셔츠 여름 반팔 티 반팔 티셔츠 반팔 티 추천 반팔 로고 레터 링 
ldk4,test
ldk3,test 커버 낫 에센셜 쿠 코트 티셔츠 반팔 티셔츠 티셔츠 반팔 반팔 티 남자 반팔 티 에센셜 라인 쿠 코트 로고 티셔츠  신사 릴 렉스 크루 반팔 티셔츠 블랙 기본 티 면 티셔츠 무지 티 반팔 티 홈 웨어 컬렉션  트래블 액 티 비티 클럽 피 반팔 티 크림 라운드 티 반팔 반팔 티 피 반팔 티셔츠 그래픽  파 르 티 멘 토 패키지 반팔 반팔 티 처 비라 티셔츠  우먼 티셔츠  우먼 티셔츠  예스 아이 씨 반팔 티 남자 반팔 티 티셔츠 여름 반팔 티 반팔 티셔츠 반팔 티 추천 반팔 로고 레터 링  예스 아이 씨 반팔 티 남자 반팔 티 티셔츠 여름 반팔 티 반팔 티셔츠 반팔 티 추천 반팔 로고 레터 링 
qwer1234,test 커버 낫 에센셜 쿠 코트 티셔츠 반팔 티셔츠 티셔츠 반팔 반팔 티 남자 반팔 티 에센셜 라인 쿠 코트 로고 티셔츠  커버 낫 세리프 아치 로고 티셔츠 화이트 라운드 티 반팔 티 로고 티셔츠 베이직 티셔츠 그래픽 티셔츠 반팔 티셔츠 그래픽 
ldk10,test 신사 라운지 반바지 홈 웨어 라운지 웨어 이지 웨어 트레이닝복  신사 라운지 반바지 홈 웨어 라운지 웨어 이지 웨어 트레이닝복 
ldk10,test 신사 라운지 반바지 홈 웨어 라운지 웨어 이지 웨어 트레이닝복  신사 라운지 반바지 홈 웨어 라운지 웨어 이지 웨어 트레이닝복 
ldk6,test
1,test
3,test
choi,test
,신사 레이어 드 크루 반팔 티셔츠 일반 기장 베이직 티 무지 티 기본 티셔츠 무태 픽업 무지 
,신사 레이어 드 크루 반팔 티셔츠 일반 기장 베이직 티 무지 티 기본 티셔츠 무태 픽업 무지 
,커버 낫 에센셜 쿠 코트 티셔츠 반팔 티셔츠 티셔츠 반팔 반팔 티 남자 반팔 티 에센셜 라인 쿠 코트 로고 티셔츠 
,커버 낫 에센셜 쿠 코트 티셔츠 반팔 티셔츠 티셔츠 반팔 반팔 티 남자 반팔 티 에센셜 라인 쿠 코트 로고 티셔츠 
,커버 낫 에센셜 쿠 코트 티셔츠 반팔 티셔츠 티셔츠 반팔 반팔 티 남자 반팔 티 에센셜 라인 쿠 코트 로고 티셔츠 
,커버 낫 에센셜 쿠 코트 티셔츠 반팔 티셔츠 티셔츠 반팔 반팔 티 남자 반팔 티 에센셜 라인 쿠 코트 로고 티셔츠 
,커버 낫 에센셜 쿠 코트 티셔츠 반팔 티셔츠 티셔츠 반팔 반팔 티 남자 반팔 티 에센셜 라인 쿠 코트 로고 티셔츠 
,커버 낫 에센셜 쿠 코트 티셔츠 반팔 티셔츠 티셔츠 반팔 반팔 티 남자 반팔 티 에센셜 라인 쿠 코트 로고 티셔츠 
,커버 낫 에센셜 쿠 코트 티셔츠 반팔 티셔츠 티셔츠 반팔 반팔 티 남자 반팔 티 에센셜 라인 쿠 코트 로고 티셔츠 
,커버 낫 에센셜 쿠 코트 티셔츠 반팔 티셔츠 티셔츠 반팔 반팔 티 남자 반팔 티 에센셜 라인 쿠 코트 로고 티셔츠 
,베이직 스모 로고 반팔 티셔츠 반팔 티 반팔 티셔츠 티셔츠 티셔츠 신상품 반팔 티 컬렉션 
,스파 오 우디 자수 폴로 카라 반팔 티셔츠 티셔츠 반팔 티 반팔 티셔츠 카라 티셔츠 반팔 우디 컬렉션 
,반팔 티셔츠 라운드 티 반팔 반팔 티 티셔츠 
,베이직 스모 로고 반팔 티셔츠 반팔 티 반팔 티셔츠 티셔츠 티셔츠 신상품 반팔 티 컬렉션 
,엔젤 와 펜 반팔 티셔츠 블랙 반팔 반팔 티 티셔츠 반팔 티셔츠 엔젤 펜 로고 레터 링 
,내셔널 지오 그래픽 스토크 반팔 티셔츠 널 지오그래픽 로고 로고 티셔츠 반팔 반팔 티 반팔 티셔츠 
,베이직 스모 로고 반팔 티셔츠 반팔 티 반팔 티셔츠 티셔츠 티셔츠 신상품 반팔 티 컬렉션 
이동규,test
